{
  "_fv": 60,
  "_type": "achievement",
  "definition": {
    "achievementName": "凉开水",
    "achievementDescription": "凉开水，前期重要的水来源",
    "achievementIcon": {
      "value": "CUSTOM:CoolHotWater"
    },
    "background": "Default",
    "disableDisplay": false,
    "showPopup": true,
    "announceToChat": true,
    "hideIfNotCompleted": false,
    "rewardLoot": [],
    "rewardRecipes": [],
    "rewardFunction": "No function",
    "rewardXP": 0,
    "achievementType": "task",
    "parent": {
      "value": "CUSTOM:ScheduleRealWater"
    },
    "triggerxml": "<xml xmlns=\"https://developers.google.com/blockly/xml\"><block type=\"advancement_trigger\" deletable=\"false\" x=\"40\" y=\"80\"><next><block type=\"custom_trigger\"></block></next></block></xml>"
  }
}