{
  "minecraft:recipes/decorations/crafting_table": {
    "criteria": {
      "unlock_right_away": "2024-08-03 21:25:04 +0800"
    },
    "done": true
  },
  "minecraft:adventure/adventuring_time": {
    "criteria": {
      "minecraft:plains": "2024-08-03 21:25:05 +0800"
    },
    "done": false
  },
  "real_water:schedule_real_water": {
    "criteria": {
      "schedule_real_water_0": "2024-08-03 21:25:04 +0800"
    },
    "done": true
  },
  "minecraft:story/root": {
    "criteria": {
      "crafting_table": "2024-08-03 21:25:18 +0800"
    },
    "done": true
  },
  "DataVersion": 3465
}