{
  "display": {
    "icon": {
      "item": "real_water:cool_hot_water"
    },
    "title": {
      "translate": "advancements.try_drink_cool_hot_water.title"
    },
    "description": {
      "translate": "advancements.try_drink_cool_hot_water.descr"
    },
    "frame": "task",
    "show_toast": true,
    "announce_to_chat": true,
    "hidden": false
  },
  "criteria": {
    "try_drink_cool_hot_water_0": {
      "trigger": "minecraft:impossible"
    }
  },
  "parent": "real_water:schedule_real_water"
}