{
  "_fv": 60,
  "_type": "recipe",
  "definition": {
    "recipeType": "Crafting",
    "recipeRetstackSize": 1,
    "group": "",
    "cookingBookCategory": "MISC",
    "xpReward": 0.0,
    "cookingTime": 200,
    "craftingBookCategory": "MISC",
    "recipeShapeless": true,
    "recipeSlots": [
      {
        "value": "CUSTOM:LargeParticleFilter"
      },
      {
        "value": "CUSTOM:SmallParticleFilter"
      },
      {
        "value": "CUSTOM:ActivatedCarbonParticleFilter"
      },
      {
        "value": "CUSTOM:VerySmallParticleFilter"
      },
      {
        "value": ""
      },
      {
        "value": ""
      },
      {
        "value": ""
      },
      {
        "value": ""
      },
      {
        "value": ""
      }
    ],
    "recipeReturnStack": {
      "value": "CUSTOM:WaterPurifier"
    },
    "name": "carft_water_purifier",
    "namespace": "mod"
  }
}