{
  "_fv": 60,
  "_type": "achievement",
  "definition": {
    "achievementName": "You shouldn't drink it",
    "achievementDescription": "Drink a bottle of dirty water",
    "achievementIcon": {
      "value": "CUSTOM:WaterBottleDirt"
    },
    "background": "Default",
    "disableDisplay": false,
    "showPopup": true,
    "announceToChat": true,
    "hideIfNotCompleted": false,
    "rewardLoot": [],
    "rewardRecipes": [],
    "rewardFunction": "No function",
    "rewardXP": 0,
    "achievementType": "task",
    "parent": {
      "value": "CUSTOM:ScheduleRealWater"
    },
    "triggerxml": "<xml xmlns=\"https://developers.google.com/blockly/xml\"><block type=\"advancement_trigger\" deletable=\"false\" x=\"64\" y=\"22\"><next><block type=\"custom_trigger\"></block></next></block></xml>"
  }
}