{
  "_fv": 60,
  "_type": "command",
  "definition": {
    "commandName": "realwaterhelp",
    "type": "STANDARD",
    "permissionLevel": "1",
    "argsxml": "<xml xmlns=\"https://developers.google.com/blockly/xml\"><block type=\"args_start\" deletable=\"false\" x=\"40\" y=\"40\"><next><block type=\"number_min_max\"><field name=\"name\">page</field><field name=\"min\">1</field><field name=\"max\">5</field><statement name=\"args\"><block type=\"call_procedure\"><field name=\"procedure\">RealWaterHelp</field></block></statement><next><block type=\"call_procedure\"><field name=\"procedure\">RealWaterHelpFirst</field></block></next></block></next></block></xml>"
  }
}