{
  "_fv": 60,
  "_type": "recipe",
  "definition": {
    "recipeType": "Crafting",
    "recipeRetstackSize": 1,
    "group": "",
    "cookingBookCategory": "MISC",
    "xpReward": 0.0,
    "cookingTime": 200,
    "craftingBookCategory": "MISC",
    "recipeShapeless": false,
    "recipeSlots": [
      {
        "value": ""
      },
      {
        "value": ""
      },
      {
        "value": ""
      },
      {
        "value": "CUSTOM:Gauze"
      },
      {
        "value": "CUSTOM:Gauze"
      },
      {
        "value": "CUSTOM:Gauze"
      },
      {
        "value": "CUSTOM:ActivatedCarbon"
      },
      {
        "value": "CUSTOM:ActivatedCarbon"
      },
      {
        "value": "CUSTOM:ActivatedCarbon"
      }
    ],
    "recipeReturnStack": {
      "value": "CUSTOM:ActivatedCarbonParticleFilter"
    },
    "name": "carft_activated_carbon_particle_filter",
    "namespace": "mod"
  }
}