{
  "_fv": 60,
  "_type": "command",
  "definition": {
    "commandName": "setwater",
    "type": "STANDARD",
    "permissionLevel": "2",
    "argsxml": "<xml xmlns=\"https://developers.google.com/blockly/xml\"><block type=\"args_start\" deletable=\"false\" x=\"40\" y=\"40\"><next><block type=\"entity\"><field name=\"name\">set_water_players</field><field name=\"type\">players</field><statement name=\"args\"><block type=\"number_min_max\"><field name=\"name\">how_much_water</field><field name=\"min\">0</field><field name=\"max\">20</field><statement name=\"args\"><block type=\"call_procedure\"><field name=\"procedure\">SetWater</field></block></statement></block></statement></block></next></block></xml>"
  }
}