{
  "display": {
    "background": "minecraft:textures/block/stone.png",
    "icon": {
      "item": "real_water:water_bottelnone"
    },
    "title": {
      "translate": "advancements.schedule_real_water.title"
    },
    "description": {
      "translate": "advancements.schedule_real_water.descr"
    },
    "frame": "task",
    "show_toast": false,
    "announce_to_chat": false,
    "hidden": false
  },
  "criteria": {
    "schedule_real_water_0": {
      "trigger": "minecraft:tick"
    }
  }
}