{"stats":{"minecraft:picked_up":{"minecraft:glow_ink_sac":17,"minecraft:dirt":1,"minecraft:oak_button":1},"minecraft:mined":{"minecraft:fire":1,"minecraft:grass_block":1},"minecraft:custom":{"minecraft:time_since_rest":23694,"minecraft:walk_one_cm":58967,"minecraft:interact_with_furnace":29,"minecraft:sprint_one_cm":61884,"minecraft:damage_taken":2970,"minecraft:damage_absorbed":160,"minecraft:drop":8,"minecraft:damage_dealt":107,"minecraft:swim_one_cm":1617,"minecraft:interact_with_crafting_table":33,"minecraft:fly_one_cm":288997,"minecraft:open_chest":1,"minecraft:fill_cauldron":21,"minecraft:crouch_one_cm":689,"minecraft:play_time":80830,"minecraft:deaths":14,"minecraft:sneak_time":913,"minecraft:walk_under_water_one_cm":23207,"minecraft:jump":375,"minecraft:leave_game":27,"minecraft:walk_on_water_one_cm":6770,"minecraft:time_since_death":23580,"minecraft:total_world_time":97779,"minecraft:damage_resisted":40,"minecraft:use_cauldron":18,"minecraft:fall_one_cm":1689},"minecraft:used":{"minecraft:water_bucket":55,"minecraft:flint_and_steel":56,"minecraft:command_block":1,"real_water:hot_water":18,"minecraft:glass_bottle":11,"minecraft:oak_button":2,"minecraft:cauldron":1,"real_water:clean_water":15,"real_water:cool_hot_water":7,"minecraft:item_frame":20,"minecraft:white_wool":6,"minecraft:potion":8,"minecraft:light_blue_concrete":37,"minecraft:crafting_table":1,"minecraft:furnace":4,"real_water:water_bottle_dirt":6,"minecraft:bucket":14,"real_water:water_bottelnone":6,"minecraft:air":2,"minecraft:enchanted_golden_apple":3,"minecraft:obsidian":12},"minecraft:crafted":{"real_water:hot_water":9,"real_water:little_stone":4,"real_water:water_bottelnone":69,"real_water:clean_water":1,"minecraft:air":0},"minecraft:killed_by":{"minecraft:slime":1}},"DataVersion":3465}